model,best_stage,split,temperature,f1,precision_safe,recall_risky,false_safe_rate,review_rate,roc_auc,pr_auc,ece,T_low,T_high
microsoft/dit-base,stage2,Train,1.2016042854802647,0.9888059701492538,0.9977272727272727,0.9962406015037594,0.0037593984962406013,0.004225352112676056,0.9990262819210187,0.9982516381577281,0.021939092173509655,0.8053032026013728,0.9026516013006864
microsoft/dit-base,stage2,Val,1.2016042854802647,0.9821428571428572,0.979381443298969,0.9298245614035088,0.03508771929824561,0.013157894736842105,0.9966759002770084,0.9953038333538765,0.028074339038961067,0.8053032026013728,0.9026516013006864
microsoft/dit-base,stage2,Test,1.2016042854802647,1.0,1.0,0.9649122807017544,0.0,0.013157894736842105,1.0,1.0,0.024336163097604294,0.8053032026013728,0.9026516013006864
